{"cameraMode":{"drawMode":0,"name":"Shaded","section":"Shading Mode"},"sceneLighting":true,"audioPlay":false,"sceneViewState":{"m_AlwaysRefresh":false,"showFog":true,"showSkybox":true,"showFlares":true,"showImageEffects":true,"showParticleSystems":true,"showVisualEffectGraphs":true,"m_FxEnabled":true},"in2DMode":false,"pivot":{"x":-12.371162414550782,"y":3.7817368507385256,"z":-25.735301971435548},"rotation":{"x":0.026617689058184625,"y":-0.6186692714691162,"z":0.020979367196559907,"w":0.7849205732345581},"size":50.56556701660156,"orthographic":false}